,BALANCE,BALANCE_FREQUENCY,PURCHASES,ONEOFF_PURCHASES,INSTALLMENTS_PURCHASES,CASH_ADVANCE,PURCHASES_FREQUENCY,ONEOFF_PURCHASES_FREQUENCY,PURCHASES_INSTALLMENTS_FREQUENCY,CASH_ADVANCE_FREQUENCY,CASH_ADVANCE_TRX,PURCHASES_TRX,CREDIT_LIMIT,PAYMENTS,MINIMUM_PAYMENTS,PRC_FULL_PAYMENT,TENURE
count,1121.0,1121.0,1121.0,1121.0,1121.0,1121.0,1121.0,1121.0,1121.0,1121.0,1121.0,1121.0,1121.0,1121.0,1121.0,1121.0,1121.0
mean,3746.4418288813563,0.9591454049955398,568.3016592328279,329.4462533452275,238.8863782337199,2921.5810293166815,0.3261184380017841,0.1528533800178412,0.2203146583407672,0.3438952720785014,9.094558429973238,9.653880463871543,5909.426107642284,2286.2826112863518,1441.6514856574488,0.02680563336306869,11.493309545049064
std,1673.3243775298065,0.11817943995869969,882.2380297365868,616.7707525141274,496.7899982418337,1978.953114190522,0.3789678518768869,0.24993027124434788,0.34174874526080423,0.23241219396814686,10.198475761743886,17.97100108557788,1762.224693604362,1970.3665723092095,1306.0243983745447,0.09131644248155849,1.347020462508918
min,24.389998000000002,0.181818,0.0,0.0,0.0,0.0,0.0,0.0,0.0,0.0,0.0,0.0,1200.0,0.0,0.0,0.0,6.0
25%,2522.043371,1.0,0.0,0.0,0.0,1434.174341,0.0,0.0,0.0,0.166667,3.0,0.0,4500.0,994.2101869999999,720.646441,0.0,12.0
50%,3645.1919270000003,1.0,140.6,0.0,0.0,2763.612473,0.090909,0.0,0.0,0.333333,6.0,2.0,6000.0,1499.4013439999999,1151.108962,0.0,12.0
75%,4896.223043999999,1.0,805.45,369.52,256.02,4078.383904,0.666667,0.166667,0.416667,0.5,12.0,12.0,7000.0,3056.424974,1731.4208190000002,0.0,12.0
max,9164.724752,1.0,5677.76,4020.04,4037.21,12281.83439,1.0,1.0,1.0,1.5,123.0,195.0,11000.0,12485.43289,11760.91651,1.0,12.0
