,BALANCE,BALANCE_FREQUENCY,PURCHASES,ONEOFF_PURCHASES,INSTALLMENTS_PURCHASES,CASH_ADVANCE,PURCHASES_FREQUENCY,ONEOFF_PURCHASES_FREQUENCY,PURCHASES_INSTALLMENTS_FREQUENCY,CASH_ADVANCE_FREQUENCY,CASH_ADVANCE_TRX,PURCHASES_TRX,CREDIT_LIMIT,PAYMENTS,MINIMUM_PAYMENTS,PRC_FULL_PAYMENT,TENURE
count,400.0,400.0,400.0,400.0,400.0,400.0,400.0,400.0,400.0,400.0,400.0,400.0,400.0,400.0,400.0,400.0,400.0
mean,7276.4760211249995,0.9764707025000001,1137.47185,672.7705249999999,464.86869999999993,6391.876565225001,0.398777495,0.20436098749999998,0.3047837525,0.41990900750000004,13.39,17.2975,12013.636363637499,5954.5685541725,2497.6507186925,0.030020175,11.6675
std,2958.412839136736,0.08584361825565165,1778.5408232294844,1166.6590289789985,920.7809820478824,5249.539144046685,0.4086035896414515,0.2947785315306404,0.39228394217062795,0.26540271794115794,14.652974926118711,32.62560449895612,3386.992445757733,5566.915845278594,1926.7856206764911,0.07756043981870883,1.0999857597620062
min,78.114579,0.272727,0.0,0.0,0.0,0.0,0.0,0.0,0.0,0.0,0.0,0.0,3500.0,573.307364,16.95009,0.0,6.0
25%,5307.02248925,1.0,0.0,0.0,0.0,3170.8447562499996,0.0,0.0,0.0,0.2329545,4.0,0.0,9500.0,2118.9159975,1428.4971292500002,0.0,12.0
50%,7173.196647000001,1.0,282.79499999999996,45.18,0.0,5280.5893295000005,0.25,0.083333,0.0,0.416667,10.0,4.0,11500.0,3466.288976,2031.879253,0.0,12.0
75%,8907.52892975,1.0,1533.4924999999998,913.29,584.7675,8836.865613,0.833333,0.333333,0.666667,0.583333,16.25,20.0,14000.0,8265.192514249999,2896.2626874999996,0.0,12.0
max,18495.55855,1.0,11500.94,7564.81,8409.93,47137.211760000006,1.0,1.0,1.0,1.1,123.0,308.0,30000.0,39048.59762,21235.0653,0.75,12.0
