,BALANCE,BALANCE_FREQUENCY,ONEOFF_PURCHASES,INSTALLMENTS_PURCHASES,CASH_ADVANCE,ONEOFF_PURCHASES_FREQUENCY,PURCHASES_INSTALLMENTS_FREQUENCY,CASH_ADVANCE_FREQUENCY,CASH_ADVANCE_TRX,PURCHASES_TRX,CREDIT_LIMIT,PAYMENTS,MINIMUM_PAYMENTS,PRC_FULL_PAYMENT,TENURE
count,301.0,301.0,301.0,301.0,301.0,301.0,301.0,301.0,301.0,301.0,301.0,301.0,301.0,301.0,301.0
mean,3349.520662677741,0.909909634551495,2156.9514950166113,1206.3778737541527,4922.9881191661125,0.34411232225913624,0.41382549833887045,0.3204689003322259,11.09966777408638,39.8936877076412,8445.696164302326,10108.673496950167,1372.8193981428572,0.2160787541528239,11.784053156146179
std,2293.669430329825,0.1976010160944,3196.5771446162153,2194.389501351298,4497.598846507825,0.3860112175698082,0.4301142954905329,0.28180063108839326,15.11765082795355,56.13829940443644,3287.584721692936,3455.3483820083993,1626.5170729432657,0.3019709184695761,0.8736197783732954
min,0.0,0.0,0.0,0.0,0.0,0.0,0.0,0.0,0.0,0.0,1200.0,4820.842925,0.0,0.0,6.0
25%,1427.42297,0.909091,0.0,0.0,367.915403,0.0,0.0,0.083333,1.0,0.0,6000.0,7723.416753,515.375559,0.0,12.0
50%,3123.339488,1.0,420.6,186.9,4066.421468,0.166667,0.25,0.25,6.0,13.0,8500.0,9226.751112,978.238735,0.083333,12.0
75%,4768.062736,1.0,3162.94,1360.0,7955.964618000001,0.666667,0.916667,0.5,16.0,65.0,10000.0,11514.83756,1633.85526,0.25,12.0
max,12373.33348,1.0,13007.07,12738.47,18857.05847,1.0,1.0,1.0,123.0,298.0,21000.0,23150.57184,13621.70839,1.0,12.0
