,BALANCE,BALANCE_FREQUENCY,ONEOFF_PURCHASES,INSTALLMENTS_PURCHASES,CASH_ADVANCE,ONEOFF_PURCHASES_FREQUENCY,PURCHASES_INSTALLMENTS_FREQUENCY,CASH_ADVANCE_FREQUENCY,CASH_ADVANCE_TRX,PURCHASES_TRX,CREDIT_LIMIT,PAYMENTS,MINIMUM_PAYMENTS,PRC_FULL_PAYMENT,TENURE,CLUSTER_NUM
count,1354.0,1354.0,1354.0,1354.0,1354.0,1354.0,1354.0,1354.0,1354.0,1354.0,1354.0,1354.0,1354.0,1354.0,1354.0,1354.0
mean,1.3185908062306058,0.37680572279116425,-0.16849324767442253,-0.2572392520625405,1.5784519373053416,-0.23923153262449928,-0.4673547155109573,1.701072067212454,1.5308334310350942,-0.3042786800533875,0.7185774344638032,0.5450381622276649,0.4466745318723334,-0.40583127777174977,-0.13044416287320387,1.0
std,1.3059768245533032,0.38019459892175306,0.5286829993780003,0.47802058934816,1.6833384011527115,0.7482670642255967,0.7797155333935857,1.1097110056178068,1.7400301826380802,0.5241181020253164,1.0211627213251675,1.4233958823254427,1.5902830934108574,0.33565689834957635,1.138839378657513,0.0
min,-0.726997370747423,-2.1681487359444613,-0.35695650522983663,-0.4545929346871266,-0.4668173169053085,-0.6787161910923751,-0.9170486291668528,-0.6754038016160128,-0.4761024446698088,-0.5918285957742453,-1.2213963392493257,-0.5987232806358613,-0.35704998957021983,-0.5255884449323432,-4.122526902321602,1.0
25%,0.30013107268683065,0.5180288083234439,-0.35695650522983663,-0.4545929346871266,0.5622195145616664,-0.6787161910923751,-0.9170486291668528,0.9902926926983584,0.5496046585888092,-0.5918285957742453,-0.08089011691590361,-0.22407986854670073,-0.0812545171386597,-0.5255884449323432,0.3607023173741107,1.0
50%,1.101517557608354,0.5180288083234439,-0.35695650522983663,-0.4545929346871266,1.1824007732805975,-0.6787161910923751,-0.9170486291668528,1.545524857469815,1.1357230033080197,-0.5515989423452268,0.6886080571885739,0.04218719601653244,0.15963582297058937,-0.5255884449323432,0.3607023173741107,1.0
75%,2.0808258631873757,0.5180288083234439,-0.188611109045197,-0.31539902599774405,2.0564453051682614,-0.12004659474601245,-0.2880175938163021,2.322852886406543,2.014900520386835,-0.22976171491307834,1.2382496101203435,0.728465448377521,0.48160086769577004,-0.5255884449323432,0.3607023173741107,1.0
max,7.081652513832637,0.5180288083234439,12.958362616510634,4.034831511344014,22.01010312786165,2.6732946829640527,1.5990755122353495,6.820237918440378,17.54703665544591,3.592055360843684,4.151349840658723,13.03226590619478,25.76974086156518,2.608372804302331,0.3607023173741107,1.0
