,BALANCE,BALANCE_FREQUENCY,ONEOFF_PURCHASES,INSTALLMENTS_PURCHASES,CASH_ADVANCE,ONEOFF_PURCHASES_FREQUENCY,PURCHASES_INSTALLMENTS_FREQUENCY,CASH_ADVANCE_FREQUENCY,CASH_ADVANCE_TRX,PURCHASES_TRX,CREDIT_LIMIT,PAYMENTS,MINIMUM_PAYMENTS,PRC_FULL_PAYMENT,TENURE
count,464.0,464.0,464.0,464.0,464.0,464.0,464.0,464.0,464.0,464.0,464.0,464.0,464.0,464.0,464.0
mean,1483.2570824310344,0.8801835495689655,1364.2120905172412,747.984676724138,372.3456346487069,0.43850456681034483,0.45854186422413795,0.05590267456896552,0.9956896551724138,25.64439655172414,12424.353448275862,2322.6689251443963,476.1727999224138,0.2927979698275862,11.77155172413793
std,1727.0886505809506,0.22807114951605387,1713.941713304173,1453.5663031334618,957.6949192392426,0.37427381149805083,0.397966063357683,0.12865403229692757,2.493183527577176,27.803006714318613,2891.7772028638724,1974.8903545902067,545.1646766198252,0.38960354941179787,0.9245680595125959
min,0.48805,0.090909,0.0,0.0,0.0,0.0,0.0,0.0,0.0,0.0,8500.0,0.0,0.0,0.0,6.0
25%,141.9877995,0.8705357499999999,106.86500000000001,0.0,0.0,0.083333,0.0,0.0,0.0,6.0,10000.0,893.19307275,167.62696999999997,0.0,12.0
50%,524.2870735000001,1.0,778.1500000000001,319.74,0.0,0.333333,0.416667,0.0,0.0,18.0,11500.0,1647.1187615,217.056467,0.0,12.0
75%,2859.03750425,1.0,1935.7075,1004.1025,11.87365975,0.833333,0.916667,0.02083325,0.25,36.0,13500.0,3366.32537,745.69902625,0.636364,12.0
max,5938.788939,1.0,11994.71,22500.0,6523.780195,1.0,1.0,0.833333,17.0,198.0,30000.0,9695.650901,6340.898794,1.0,12.0
