,BALANCE,BALANCE_FREQUENCY,ONEOFF_PURCHASES,INSTALLMENTS_PURCHASES,CASH_ADVANCE,ONEOFF_PURCHASES_FREQUENCY,PURCHASES_INSTALLMENTS_FREQUENCY,CASH_ADVANCE_FREQUENCY,CASH_ADVANCE_TRX,PURCHASES_TRX,CREDIT_LIMIT,PAYMENTS,MINIMUM_PAYMENTS,PRC_FULL_PAYMENT,TENURE
count,45.0,45.0,45.0,45.0,45.0,45.0,45.0,45.0,45.0,45.0,45.0,45.0,45.0,45.0,45.0
mean,6298.056700222222,0.9028282666666666,11983.887999999999,3230.682888888889,8912.47297071111,0.5861279555555555,0.5448821333333334,0.26212117777777777,12.911111111111111,81.31111111111112,15057.777777777777,27157.53810333334,3330.127123133333,0.35474824444444447,11.911111111111111
std,4433.024349419215,0.24083368979946987,12309.462020294055,4241.733948273889,11614.134690656892,0.401816913624621,0.4203594673165078,0.3288278712396011,22.81130324105915,92.4315034405631,5022.69797514194,7943.785783499532,4703.144116114124,0.366790085035653,0.35816592283860327
min,4.382924,0.090909,0.0,0.0,0.0,0.0,0.0,0.0,0.0,0.0,6000.0,13002.30393,0.0,0.0,10.0
25%,2990.422186,1.0,643.18,4.44,0.0,0.166667,0.083333,0.0,0.0,8.0,11500.0,20941.32551,761.962503,0.083333,12.0
50%,5131.319584000002,1.0,9449.07,1425.82,558.166886,0.666667,0.583333,0.083333,1.0,55.0,15500.0,25825.32482,1797.797941,0.166667,12.0
75%,8809.504736,1.0,21802.6,4924.71,19513.474830000006,1.0,1.0,0.416667,21.0,121.0,18000.0,31698.41902,2974.069421,0.727273,12.0
max,19043.13856,1.0,40761.25,15497.19,47137.21176000001,1.0,1.0,1.0,123.0,358.0,30000.0,50721.48336000001,21235.0653,1.0,12.0
