,BALANCE,BALANCE_FREQUENCY,PURCHASES,ONEOFF_PURCHASES,INSTALLMENTS_PURCHASES,CASH_ADVANCE,PURCHASES_FREQUENCY,ONEOFF_PURCHASES_FREQUENCY,PURCHASES_INSTALLMENTS_FREQUENCY,CASH_ADVANCE_FREQUENCY,CASH_ADVANCE_TRX,PURCHASES_TRX,CREDIT_LIMIT,PAYMENTS,MINIMUM_PAYMENTS,PRC_FULL_PAYMENT,TENURE
count,324.0,324.0,324.0,324.0,324.0,324.0,324.0,324.0,324.0,324.0,324.0,324.0,324.0,324.0,324.0,324.0,324.0
mean,5024.571993262346,0.930449561728395,2180.552592592592,1332.9200925925925,847.6324999999999,1120.9388860648148,0.6574728796296296,0.40855312037037045,0.47969978703703703,0.1447437037037037,3.009259259259259,29.78395061728395,14639.197530864198,2877.2550014876547,1522.3376742006174,0.1690236790123457,11.858024691358025
std,4297.408923806082,0.1858788189877091,2115.060556013124,1527.3289609936965,1200.0777425917079,1763.9017681941855,0.38224951115263467,0.3715640309471872,0.4078744036798079,0.21293907200927686,4.940190963526203,34.124198424145185,2845.229667670002,2201.3282265501803,1516.3729807280715,0.33546446126511914,0.7070392105172689
min,1.019189,0.090909,0.0,0.0,0.0,0.0,0.0,0.0,0.0,0.0,0.0,0.0,9500.0,0.0,0.0,0.0,6.0
25%,502.214073,1.0,403.425,42.324999999999996,0.0,0.0,0.3,0.083333,0.0,0.0,0.0,4.0,12500.0,1414.84149225,217.02777275,0.0,12.0
50%,4859.1550050000005,1.0,1538.8649999999998,899.235,350.125,0.0,0.833333,0.333333,0.435606,0.0,0.0,19.5,14000.0,2245.8745025,1233.5924975,0.0,12.0
75%,7900.660872,1.0,3513.2799999999997,2139.4525,1329.7525,1843.0026099999998,1.0,0.75,0.916667,0.25,4.0,42.25,16500.0,3625.63270075,2138.8613552499996,0.083333,12.0
max,18495.55855,1.0,10410.49,8775.37,9251.65,10291.125740000001,1.0,1.0,1.0,1.1,26.0,216.0,30000.0,14083.96809,9642.502512000001,1.0,12.0
