,BALANCE,BALANCE_FREQUENCY,PURCHASES,ONEOFF_PURCHASES,INSTALLMENTS_PURCHASES,CASH_ADVANCE,PURCHASES_FREQUENCY,ONEOFF_PURCHASES_FREQUENCY,PURCHASES_INSTALLMENTS_FREQUENCY,CASH_ADVANCE_FREQUENCY,CASH_ADVANCE_TRX,PURCHASES_TRX,CREDIT_LIMIT,PAYMENTS,MINIMUM_PAYMENTS,PRC_FULL_PAYMENT,TENURE
count,1504.0,1504.0,1504.0,1504.0,1504.0,1504.0,1504.0,1504.0,1504.0,1504.0,1504.0,1504.0,1504.0,1504.0,1504.0,1504.0,1504.0
mean,1047.394438287899,0.8750497127659574,1285.641954787234,763.0855917553191,522.7784042553192,242.61356439561172,0.6316350698138298,0.3565624714095745,0.43112656050531917,0.047657111702127664,0.886968085106383,19.35970744680851,8462.790135396277,1524.827598793883,360.84321172273934,0.2444850418882979,11.809175531914894
std,1356.4756998053101,0.23512688882001193,1196.2809540910503,901.1692445672314,712.1141016640539,678.0900870472002,0.37051582369950004,0.35759885953950965,0.3995439170495567,0.11716330004547383,2.744956613383899,22.102802185513653,2817.4469891884605,1276.6266467090975,421.45398461728576,0.352565667870732,0.806755153284861
min,0.0,0.0,0.0,0.0,0.0,0.0,0.0,0.0,0.0,0.0,0.0,0.0,4500.0,0.0,0.0,0.0,6.0
25%,94.086089,0.833333,324.795,16.125,0.0,0.0,0.25,0.083333,0.0,0.0,0.0,4.0,6500.0,605.90954825,154.19713575,0.0,12.0
50%,347.93451200000004,1.0,917.53,431.78499999999997,240.69,0.0,0.75,0.25,0.416667,0.0,0.0,12.5,7500.0,1150.221438,195.131102,0.0,12.0
75%,1674.5484915000002,1.0,1986.155,1164.5124999999998,769.4749999999999,0.0,1.0,0.60625,0.833333,0.0,0.0,27.0,10000.0,2109.741992,440.3102205,0.416667,12.0
max,7291.244386,1.0,5671.86,4900.0,4538.84,6523.780195,1.0,1.0,1.0,0.916667,44.0,232.0,25000.0,7280.584479000001,5583.6304820000005,1.0,12.0
