,BALANCE,BALANCE_FREQUENCY,ONEOFF_PURCHASES,INSTALLMENTS_PURCHASES,CASH_ADVANCE,ONEOFF_PURCHASES_FREQUENCY,PURCHASES_INSTALLMENTS_FREQUENCY,CASH_ADVANCE_FREQUENCY,CASH_ADVANCE_TRX,PURCHASES_TRX,CREDIT_LIMIT,PAYMENTS,MINIMUM_PAYMENTS,PRC_FULL_PAYMENT,TENURE
count,1370.0,1370.0,1370.0,1370.0,1370.0,1370.0,1370.0,1370.0,1370.0,1370.0,1370.0,1370.0,1370.0,1370.0,1370.0
mean,1855.0374409372266,0.9400884445255474,549.7849124087592,359.9816423357664,1390.0063733043794,0.1939368635036496,0.2890780116788321,0.21976848102189783,5.300729927007299,13.428467153284672,3128.2927818328467,2076.9258647868614,1308.3620155729927,0.07714785693430658,11.568613138686132
std,1008.4942304346855,0.14818287431899058,1048.1544970882305,691.0895345234464,1353.3489523564792,0.28845581438824947,0.38856073358255483,0.20727871327530592,7.369715698323917,21.00063461737229,966.7067015284356,1660.227882402513,2027.5973315375413,0.19199388807479245,1.2249089842497547
min,0.0,0.0,0.0,0.0,0.0,0.0,0.0,0.0,0.0,0.0,50.0,0.0,0.0,0.0,6.0
25%,1081.32639525,1.0,0.0,0.0,93.17002675,0.0,0.0,0.083333,1.0,0.0,2500.0,712.1642382500002,392.29680175,0.0,12.0
50%,1814.7296345,1.0,0.0,0.0,1133.5074605,0.0,0.0,0.166667,3.0,4.0,3000.0,1570.9701655,680.34718,0.0,12.0
75%,2594.9588830000002,1.0,666.235,420.62,2274.3822385000003,0.28246725,0.6,0.333333,7.0,18.0,4000.0,3139.47048775,1174.94645825,0.083333,12.0
max,4700.106602000002,1.0,8053.95,5463.73,6616.555691,1.0,1.0,1.166667,123.0,141.0,6000.0,8987.534163,13916.7029,1.0,12.0
