,BALANCE,BALANCE_FREQUENCY,ONEOFF_PURCHASES,INSTALLMENTS_PURCHASES,CASH_ADVANCE,ONEOFF_PURCHASES_FREQUENCY,PURCHASES_INSTALLMENTS_FREQUENCY,CASH_ADVANCE_FREQUENCY,CASH_ADVANCE_TRX,PURCHASES_TRX,CREDIT_LIMIT,PAYMENTS,MINIMUM_PAYMENTS,PRC_FULL_PAYMENT,TENURE
count,771.0,771.0,771.0,771.0,771.0,771.0,771.0,771.0,771.0,771.0,771.0,771.0,771.0,771.0,771.0
mean,4435.283037577173,0.9748367081712063,406.5835538261998,261.3608430609598,3098.0277630350192,0.16933891569390402,0.23412268482490273,0.35567767444876786,9.378728923476006,11.796368352788587,6945.525291828793,1824.7453411258107,1612.9299045927366,0.006303856031128404,11.482490272373541
std,1442.0263169968728,0.0894842263950972,813.8639551864732,574.311697167413,2150.1205414028395,0.26556675800373614,0.3494339105737714,0.2409027046213732,9.578209248509884,25.73715869017714,1524.5936491861407,1300.5737816329058,1355.6796870174305,0.026938971146799155,1.3496096687643184
min,166.29546299999996,0.181818,0.0,0.0,0.0,0.0,0.0,0.0,0.0,0.0,4000.0,0.0,0.0,0.0,6.0
25%,3393.609327,1.0,0.0,0.0,1544.060813,0.0,0.0,0.166667,3.0,0.0,6000.0,1009.416212,947.6240585,0.0,12.0
50%,4484.839808,1.0,0.0,0.0,2846.034435,0.0,0.0,0.333333,7.0,2.0,7000.0,1396.433544,1322.626868,0.0,12.0
75%,5475.071465,1.0,441.32,253.07,4336.616566500001,0.25,0.416667,0.5,12.0,13.0,8000.0,2175.7603685000004,1887.060174,0.0,12.0
max,8073.909084000001,1.0,7311.99,6458.11,10614.20378,1.0,1.0,1.5,110.0,309.0,11000.0,6876.836205,14437.12209,0.25,12.0
