,BALANCE,BALANCE_FREQUENCY,PURCHASES,ONEOFF_PURCHASES,INSTALLMENTS_PURCHASES,CASH_ADVANCE,PURCHASES_FREQUENCY,ONEOFF_PURCHASES_FREQUENCY,PURCHASES_INSTALLMENTS_FREQUENCY,CASH_ADVANCE_FREQUENCY,CASH_ADVANCE_TRX,PURCHASES_TRX,CREDIT_LIMIT,PAYMENTS,MINIMUM_PAYMENTS,PRC_FULL_PAYMENT,TENURE
count,650.0,650.0,650.0,650.0,650.0,650.0,650.0,650.0,650.0,650.0,650.0,650.0,650.0,650.0,650.0,650.0,650.0
mean,5329.299756047692,0.9693781907692307,532.3434307692307,327.16555384615384,205.2808769230769,4773.304281498462,0.30471403846153844,0.14259720307692308,0.2077149076923077,0.4264983461538462,12.569230769230769,8.60923076923077,8274.853146853846,3034.4006231184617,1867.7372491338463,0.018383935384615385,11.503076923076923
std,1976.5383524942174,0.09248009796393004,850.3333160197852,639.5553885149483,443.19835562495007,2542.095140420946,0.36902747593632557,0.23600466804171047,0.3381587741945609,0.2360446126411897,12.407648655973627,15.626847853279953,2046.332505401299,2497.3658124652566,1364.4545773493496,0.061104553577482006,1.3174740306740522
min,166.29546299999998,0.181818,0.0,0.0,0.0,0.0,0.0,0.0,0.0,0.0,0.0,0.0,2500.0,0.0,0.0,0.0,6.0
25%,3913.5700469999997,1.0,0.0,0.0,0.0,2926.57206775,0.0,0.0,0.0,0.25,5.0,0.0,7000.0,1340.6211125,1076.0522145,0.0,12.0
50%,5347.5958315,1.0,110.215,0.0,0.0,4325.337042000001,0.083333,0.0,0.0,0.416667,10.0,1.0,8000.0,1942.4301329999998,1560.1308205,0.0,12.0
75%,6584.6522145,1.0,717.8399999999999,359.505,203.60000000000002,6259.16875325,0.583333,0.166667,0.333333,0.583333,16.0,11.0,9500.0,4191.8280765,2220.637694,0.0,12.0
max,12856.15251,1.0,4604.72,4139.56,3799.92,14827.30716,1.0,1.0,1.0,1.25,123.0,121.0,14500.0,11508.41333,11203.9623,0.818182,12.0
