,BALANCE,BALANCE_FREQUENCY,PURCHASES,ONEOFF_PURCHASES,INSTALLMENTS_PURCHASES,CASH_ADVANCE,PURCHASES_FREQUENCY,ONEOFF_PURCHASES_FREQUENCY,PURCHASES_INSTALLMENTS_FREQUENCY,CASH_ADVANCE_FREQUENCY,CASH_ADVANCE_TRX,PURCHASES_TRX,CREDIT_LIMIT,PAYMENTS,MINIMUM_PAYMENTS,PRC_FULL_PAYMENT,TENURE
count,55.0,55.0,55.0,55.0,55.0,55.0,55.0,55.0,55.0,55.0,55.0,55.0,55.0,55.0,55.0,55.0,55.0
mean,4066.731263545455,0.9884297636363636,1043.4947272727272,119.81472727272728,923.68,920.037168981818,0.4707988727272727,0.03842970909090909,0.4415978181818182,0.10303025454545454,3.018181818181818,18.836363636363636,4266.363636363636,1584.596245472727,22960.015462,0.0015151454545454545,11.909090909090908
std,2449.5971996239186,0.04646859231860514,2080.355270528156,387.49965425960465,1977.3386399634717,1786.089874043234,0.4375333884009672,0.07759899524375125,0.4530762853404814,0.12484555509229944,4.373704714460377,31.82054055711187,2734.993644542933,2221.274148028372,13391.996914099978,0.01123661942772987,0.2901294265928297
min,1134.1220529999998,0.727273,0.0,0.0,0.0,0.0,0.0,0.0,0.0,0.0,0.0,0.0,1000.0,46.969049,12256.998520000001,0.0,11.0
25%,2138.6784305,1.0,0.0,0.0,0.0,0.0,0.0,0.0,0.0,0.0,0.0,0.0,2050.0,201.639366,13593.0498,0.0,12.0
50%,3345.311478,1.0,305.78,0.0,168.0,19.345729000000002,0.333333,0.0,0.25,0.083333,1.0,7.0,3000.0,518.300462,17862.55831,0.0,12.0
75%,5247.2673655,1.0,835.885,10.0,759.015,1114.0932834999999,1.0,0.0416665,1.0,0.166667,4.0,19.5,6000.0,2144.6519915,26626.211885,0.0,12.0
max,11209.37076,1.0,11147.33,2463.0,10009.93,10616.27014,1.0,0.333333,1.0,0.5,17.0,162.0,11000.0,8735.607834999999,76406.20752000001,0.083333,12.0
