,BALANCE,BALANCE_FREQUENCY,PURCHASES,ONEOFF_PURCHASES,INSTALLMENTS_PURCHASES,CASH_ADVANCE,PURCHASES_FREQUENCY,ONEOFF_PURCHASES_FREQUENCY,PURCHASES_INSTALLMENTS_FREQUENCY,CASH_ADVANCE_FREQUENCY,CASH_ADVANCE_TRX,PURCHASES_TRX,CREDIT_LIMIT,PAYMENTS,MINIMUM_PAYMENTS,PRC_FULL_PAYMENT,TENURE
count,4398.0,4398.0,4398.0,4398.0,4398.0,4398.0,4398.0,4398.0,4398.0,4398.0,4398.0,4398.0,4398.0,4398.0,4398.0,4398.0,4398.0
mean,582.448519538654,0.830485542519327,425.80880400181906,191.9563847203274,234.20707821737153,280.48805762801277,0.4578407999090496,0.11417641450659391,0.3576772753524329,0.0857866230104593,1.635288767621646,8.591177808094589,1957.2137587792179,662.77986723397,398.01596761755343,0.15735792337426102,11.335834470213733
std,609.0840608319689,0.27317613652300105,537.6170756010525,399.17787765508086,362.47623808285675,520.0962229918354,0.3883455798928089,0.21116821091519172,0.388966593659012,0.1442924133878421,3.44088130147369,10.882285544061354,997.8380021143636,626.1615447585119,789.8279407588637,0.29208622092889674,1.565852089104231
min,0.0,0.0,0.0,0.0,0.0,0.0,0.0,0.0,0.0,0.0,0.0,0.0,0.0,0.0,0.0,0.0,6.0
25%,45.07566725,0.727273,37.675,0.0,0.0,0.0,0.083333,0.0,0.0,0.0,0.0,1.0,1200.0,243.53835325,128.79833050000002,0.0,12.0
50%,337.373851,1.0,242.57,0.0,79.99000000000001,0.0,0.416667,0.0,0.166667,0.0,0.0,6.0,1600.0,457.1652925,189.3791005,0.0,12.0
75%,1052.6311349999999,1.0,586.8725000000001,185.93,343.8025,305.36012975,0.875,0.14285699999999998,0.75,0.13839274999999998,2.0,12.0,2500.0,865.94197225,393.07659675,0.166667,12.0
max,3215.903805,1.0,4606.71,4061.96,3520.0,2963.8014399999997,1.0,1.0,1.0,1.0,62.0,186.0,5000.0,4644.142145000001,10800.046190000001,1.0,12.0
