,BALANCE,BALANCE_FREQUENCY,PURCHASES,ONEOFF_PURCHASES,INSTALLMENTS_PURCHASES,CASH_ADVANCE,PURCHASES_FREQUENCY,ONEOFF_PURCHASES_FREQUENCY,PURCHASES_INSTALLMENTS_FREQUENCY,CASH_ADVANCE_FREQUENCY,CASH_ADVANCE_TRX,PURCHASES_TRX,CREDIT_LIMIT,PAYMENTS,MINIMUM_PAYMENTS,PRC_FULL_PAYMENT,TENURE
count,91.0,91.0,91.0,91.0,91.0,91.0,91.0,91.0,91.0,91.0,91.0,91.0,91.0,91.0,91.0,91.0,91.0
mean,5226.286216593407,0.8663241428571429,1656.1638461538462,980.7923076923078,675.6132967032967,11491.172975670328,0.3783359340659341,0.21690213186813187,0.2988559230769231,0.4939108461538461,20.428571428571427,20.824175824175825,11114.835164835165,17073.83216501099,2190.7210736153847,0.165401989010989,11.725274725274724
std,3589.3600571126817,0.2545390094109817,2683.9533274248724,1824.9849576586023,1412.8952706340701,7449.794544620278,0.4228217479630237,0.31874574108590786,0.3991197330727886,0.2911683268237702,19.993967344144835,42.271501670509096,4084.540600480293,7034.553761619048,2761.0279349772604,0.20746253314522412,1.09611368090413
min,4.382924,0.090909,0.0,0.0,0.0,0.0,0.0,0.0,0.0,0.0,0.0,0.0,1200.0,8157.666434000001,0.0,0.0,6.0
25%,1908.189828,0.8636364999999999,0.0,0.0,0.0,7242.7005845,0.0,0.0,0.0,0.2916665,8.0,0.0,8750.0,11280.699369999998,865.527383,0.0,12.0
50%,4939.64603,1.0,130.24,0.0,0.0,10630.32102,0.166667,0.0,0.0,0.5,16.0,2.0,11000.0,15843.681359999999,1513.375079,0.090909,12.0
75%,7645.1777835,1.0,2126.585,1344.875,818.925,14866.49596,0.833333,0.333333,0.6515155,0.7083335,26.5,25.5,14000.0,20304.82004,2485.077087,0.236111,12.0
max,14581.45914,1.0,12551.95,10901.24,8409.93,47137.211760000006,1.0,1.0,1.0,1.0,123.0,308.0,21000.0,40627.595239999995,21235.0653,1.0,12.0
