,BALANCE,BALANCE_FREQUENCY,ONEOFF_PURCHASES,INSTALLMENTS_PURCHASES,CASH_ADVANCE,ONEOFF_PURCHASES_FREQUENCY,PURCHASES_INSTALLMENTS_FREQUENCY,CASH_ADVANCE_FREQUENCY,CASH_ADVANCE_TRX,PURCHASES_TRX,CREDIT_LIMIT,PAYMENTS,MINIMUM_PAYMENTS,PRC_FULL_PAYMENT,TENURE,CLUSTER_NUM
count,572.0,572.0,572.0,572.0,572.0,572.0,572.0,572.0,572.0,572.0,572.0,572.0,572.0,572.0,572.0,572.0
mean,0.778518368105588,0.45675576094465625,2.2012789414599374,1.9215871175655899,-0.1973185988678189,1.8118158632855481,1.0231968999597902,-0.3311322360086498,-0.2345335639573021,2.5853293832510764,1.3579551983309643,1.5328757006051053,0.35549636972248827,0.42178836247894247,0.32804476186933423,1.0
std,1.4936321411034723,0.3043793778794199,2.879213223878791,2.7044388403282524,0.7615353924802271,0.9583697319687159,0.8127010605868389,0.7087975693376234,0.6547367540328632,2.10658976071859,1.2941088396118394,2.1658641003642334,1.9061990538657119,1.335589110553493,0.2997759199066783,0.0
min,-0.749596429993718,-3.3193658744305377,-0.35695650522983663,-0.4545929346871266,-0.4668173169053085,-0.6787161910923751,-0.9170486291668528,-0.6754038016160128,-0.4761024446698088,-0.5918285957742453,-0.9603166016067352,-0.5987232806358613,-0.35704998957021983,-0.5255884449323432,-4.122526902321602,1.0
25%,-0.39143812415854884,0.5180288083234439,0.6914651197075602,0.28660612833371685,-0.4668173169053085,1.276622368103583,0.582141795408281,-0.6754038016160128,-0.4761024446698088,1.2185058085315894,0.4137872807226891,0.3541873395677191,-0.25845378311663325,-0.5255884449323432,0.3607023173741107,1.0
50%,0.37576292347629936,0.5180288083234439,1.4383341170649169,1.2685851373144783,-0.4668173169053085,2.11462508661769,1.38939933915988,-0.6754038016160128,-0.4761024446698088,2.1437878373990156,1.1008392218874012,0.9131544545746357,-0.07690434042832939,-0.5255884449323432,0.3607023173741107,1.0
75%,1.480717663071038,0.5180288083234439,2.562684601904582,2.525305625655668,-0.3262019373372696,2.6732946829640527,1.5990755122353495,-0.25898092731103994,-0.3295728584900063,3.3506774402695725,2.0627119395179982,1.8441445521248232,0.2884918580540193,1.5568118064758532,0.3607023173741107,1.0
max,8.397189073741009,0.5180288083234439,24.19984622971024,24.42565131477054,8.837993149781331,2.6732946829640527,1.5990755122353495,4.3216906784215805,6.557317691960715,13.810387331814393,7.009485915903925,16.92153900746765,32.35138949467261,2.8932771291907287,0.3607023173741107,1.0
