,BALANCE,BALANCE_FREQUENCY,ONEOFF_PURCHASES,INSTALLMENTS_PURCHASES,CASH_ADVANCE,ONEOFF_PURCHASES_FREQUENCY,PURCHASES_INSTALLMENTS_FREQUENCY,CASH_ADVANCE_FREQUENCY,CASH_ADVANCE_TRX,PURCHASES_TRX,CREDIT_LIMIT,PAYMENTS,MINIMUM_PAYMENTS,PRC_FULL_PAYMENT,TENURE,CLUSTER_NUM
count,1133.0,1133.0,1133.0,1133.0,1133.0,1133.0,1133.0,1133.0,1133.0,1133.0,1133.0,1133.0,1133.0,1133.0,1133.0,1133.0
mean,0.3037555531563941,0.4409168728441934,1.3299630355177647,1.2905941911297283,-0.28826086903133574,1.6307132911999007,0.9650664840555679,-0.4049434372369971,-0.29918057892049726,1.766843441280339,0.9555334971372791,0.8597118340593868,0.11120916082637906,0.5444469980393966,0.3184948048615297,3.0
std,1.2534250422098319,0.3245030711773288,2.2334743149136895,2.116097072672115,0.5158669461939407,1.0250205153827352,0.8142903789852939,0.6008437495128702,0.5029433839111728,1.7715741644248837,1.211122235375293,1.6724349233338716,1.1455929919770012,1.3386765463823542,0.3112221057160436,0.0
min,-0.749596429993718,-3.3193658744305377,-0.35695650522983663,-0.4545929346871266,-0.4668173169053085,-0.6787161910923751,-0.9170486291668528,-0.6754038016160128,-0.4761024446698088,-0.5918285957742453,-1.0977269898396775,-0.5987232806358613,-0.35704998957021983,-0.5255884449323432,-4.122526902321602,3.0
25%,-0.5813765429352675,0.5180288083234439,0.2117244938469664,0.07285718551504282,-0.4668173169053085,0.9972892459358388,0.5506896146097182,-0.6754038016160128,-0.4761024446698088,0.6552906605253297,0.13896650425680426,0.005310037653936714,-0.27598076499216123,-0.5255884449323432,0.3607023173741107,3.0
50%,-0.2055511998860842,0.5180288083234439,0.7497405535706226,0.7607351206377152,-0.4668173169053085,1.8352919644499457,1.38939933915988,-0.6754038016160128,-0.4761024446698088,1.258735461960608,0.6886080571885739,0.3767267508406983,-0.2092945168446687,-0.2406841200439453,0.3607023173741107,3.0
75%,0.7513769446750113,0.5180288083234439,1.6308002894647158,1.7088272369507158,-0.4360525611468203,2.6732946829640527,1.5990755122353495,-0.25898092731103994,-0.3295728584900063,2.30470645111509,1.5130703865862285,1.0497850312681438,0.08853817997344338,1.9608601777568655,0.3607023173741107,3.0
max,8.397189073741009,0.5180288083234439,24.19984622971024,24.42565131477054,6.749460121527863,2.6732946829640527,1.5990755122353495,4.3216906784215805,6.557317691960715,13.810387331814393,7.009485915903925,16.92153900746765,21.15888520622209,2.8932771291907287,0.3607023173741107,3.0
