,BALANCE,BALANCE_FREQUENCY,PURCHASES,ONEOFF_PURCHASES,INSTALLMENTS_PURCHASES,CASH_ADVANCE,PURCHASES_FREQUENCY,ONEOFF_PURCHASES_FREQUENCY,PURCHASES_INSTALLMENTS_FREQUENCY,CASH_ADVANCE_FREQUENCY,CASH_ADVANCE_TRX,PURCHASES_TRX,CREDIT_LIMIT,PAYMENTS,MINIMUM_PAYMENTS,PRC_FULL_PAYMENT,TENURE
count,25.0,25.0,25.0,25.0,25.0,25.0,25.0,25.0,25.0,25.0,25.0,25.0,25.0,25.0,25.0,25.0,25.0
mean,5519.04481808,0.9596363600000001,26256.8628,21002.018799999998,5254.844,1491.96450136,0.9126666400000001,0.80866672,0.73199996,0.059999960000000005,2.44,123.32,16160.0,28433.712925600004,3222.0038002799997,0.49742424,11.92
std,4265.107715714368,0.14878020922961047,9829.929109637787,9530.79632773731,4710.385756148322,4790.236229951119,0.2198105397584626,0.2901595633185472,0.3700263202350701,0.16230405679425677,7.789308912434616,89.02701837082942,5467.174773134658,9274.404545663376,4910.967848920328,0.4031359444530137,0.4
min,1268.809031,0.272727,1788.84,0.0,0.0,0.0,0.166667,0.0,0.0,0.0,0.0,3.0,7500.0,13002.30393,410.800069,0.0,10.0
25%,2774.249582,1.0,21802.6,15158.9,1043.43,0.0,1.0,0.666667,0.583333,0.0,0.0,70.0,12000.0,22542.58705,569.4013980000001,0.083333,12.0
50%,3454.094319,1.0,25615.07,20646.07,4732.29,0.0,1.0,1.0,0.916667,0.0,0.0,101.0,17000.0,26652.34432,1193.03103,0.416667,12.0
75%,8151.985277,1.0,31299.35,25122.77,7740.27,0.0,1.0,1.0,1.0,0.0,0.0,157.0,18000.0,33994.72785,2746.5921989999997,0.916667,12.0
max,19043.13856,1.0,49039.57,40761.25,15497.19,19513.474830000003,1.0,1.0,1.0,0.666667,35.0,358.0,30000.0,50721.483360000006,18621.01331,1.0,12.0
