,BALANCE,BALANCE_FREQUENCY,PURCHASES,ONEOFF_PURCHASES,INSTALLMENTS_PURCHASES,CASH_ADVANCE,PURCHASES_FREQUENCY,ONEOFF_PURCHASES_FREQUENCY,PURCHASES_INSTALLMENTS_FREQUENCY,CASH_ADVANCE_FREQUENCY,CASH_ADVANCE_TRX,PURCHASES_TRX,CREDIT_LIMIT,PAYMENTS,MINIMUM_PAYMENTS,PRC_FULL_PAYMENT,TENURE
count,314.0,314.0,314.0,314.0,314.0,314.0,314.0,314.0,314.0,314.0,314.0,314.0,314.0,314.0,314.0,314.0,314.0
mean,2344.178414808917,0.9652802101910828,6633.362611464968,4486.279777070064,2148.9936624203824,566.7481596273886,0.9068214076433121,0.7017371146496816,0.6974683343949044,0.07040143630573249,1.9076433121019107,74.70382165605096,7819.585987261146,6682.905407191082,1174.025493356688,0.3299795891719745,11.920382165605096
std,2146.7096192360864,0.11540899186049586,2987.3856683875097,2756.757798597835,2580.207535547381,1288.9164587755392,0.19245867414660167,0.3040906087528835,0.36605635622726596,0.15130504104423254,5.03353662089597,56.13822100452379,3367.511593571455,3032.4060749084706,1810.2612641321512,0.39819344161977754,0.5211487499908452
min,0.0,0.0,0.0,0.0,0.0,0.0,0.0,0.0,0.0,0.0,0.0,0.0,1000.0,0.0,0.0,0.0,6.0
25%,683.4807415,1.0,4634.682499999999,2563.79,449.8125,0.0,0.916667,0.5,0.5,0.0,0.0,38.0,5500.0,4518.989453,219.52125574999997,0.0,12.0
50%,1577.8196934999999,1.0,5800.49,3990.975,1530.2350000000001,0.0,1.0,0.775,0.916667,0.0,0.0,62.0,7500.0,6056.7120355,527.7383995,0.083333,12.0
75%,3322.7980705,1.0,8269.2,6057.4625,2878.205,280.44991300000004,1.0,1.0,1.0,0.083333,1.0,99.75,10000.0,8341.1112665,1194.7283155,0.75,12.0
max,11642.60156,1.0,22500.0,14215.0,22500.0,7974.415626000001,1.0,1.0,1.0,0.833333,40.0,347.0,23000.0,16826.424430000003,11652.56511,1.0,12.0
