,BALANCE,BALANCE_FREQUENCY,ONEOFF_PURCHASES,INSTALLMENTS_PURCHASES,CASH_ADVANCE,ONEOFF_PURCHASES_FREQUENCY,PURCHASES_INSTALLMENTS_FREQUENCY,CASH_ADVANCE_FREQUENCY,CASH_ADVANCE_TRX,PURCHASES_TRX,CREDIT_LIMIT,PAYMENTS,MINIMUM_PAYMENTS,PRC_FULL_PAYMENT,TENURE,CLUSTER_NUM
count,729.0,729.0,729.0,729.0,729.0,729.0,729.0,729.0,729.0,729.0,729.0,729.0,729.0,729.0,729.0,729.0
mean,-0.3749079220074753,-0.451045628068475,-0.20622579287336815,-0.269252520960858,0.016049923295542154,-0.272003827882383,-0.20066790750727254,0.22891107771992425,-0.045357721510252,-0.3732419603389332,-0.5576407052402081,-0.3775286263093716,-0.2265930483306701,0.07538173416300956,-3.001207111204293,0.0
std,0.5021913119888386,1.1148513378509481,0.36075233919174265,0.34684984133512,0.7027957909762128,0.7155769087296752,0.9066643320987037,1.0490306323784793,0.5905634034354675,0.30177774206555125,0.6095094281911368,0.40927202570599625,0.2405772739529427,1.097412477214027,0.8931878253430601,0.0
min,-0.7517021172809357,-3.7031049205925632,-0.35695650522983663,-0.4545929346871266,-0.4668173169053085,-0.6787161910923751,-0.9170486291668528,-0.6754038016160128,-0.4761024446698088,-0.5918285957742453,-1.2351373780726203,-0.5987232806358613,-0.35704998957021983,-0.5255884449323432,-4.122526902321602,0.0
25%,-0.7272944685338358,-0.8890143609373153,-0.35695650522983663,-0.4545929346871266,-0.4668173169053085,-0.6787161910923751,-0.9170486291668528,-0.6754038016160128,-0.4761024446698088,-0.5918285957742453,-0.9053524463135582,-0.5492871981891071,-0.3206956556940093,-0.5255884449323432,-4.122526902321602,0.0
50%,-0.5684942224528571,-0.08498969278831016,-0.35695650522983663,-0.4545929346871266,-0.3101978646601515,-0.6787161910923751,-0.9170486291668528,-0.05076699161131357,-0.3295728584900063,-0.4711396354871896,-0.8229062133737927,-0.4940687575193073,-0.30021358086669164,-0.5255884449323432,-3.375322032372316,0.0
75%,-0.22817921896010745,0.5180288083234439,-0.2418876758300132,-0.20001827552667575,0.23194818416025284,-0.1998579736572961,0.7603683038093294,0.752336050653448,0.11001590004940147,-0.2699913683420969,-0.4106750486749654,-0.3723245629251006,-0.2156558197228116,0.3291279485984248,-2.6281171624230306,0.0
max,2.714692916404252,0.5180288083234439,3.5710475140730376,3.0839306919024083,4.58311710981405,2.6732946829640527,1.5990755122353495,4.3216906784215805,3.3336667960050583,1.5805726893927563,3.574226210080365,6.309139216635256,2.7438919802297472,2.8932771291907287,-1.1337074225244599,0.0
