,BALANCE,BALANCE_FREQUENCY,PURCHASES,ONEOFF_PURCHASES,INSTALLMENTS_PURCHASES,CASH_ADVANCE,PURCHASES_FREQUENCY,ONEOFF_PURCHASES_FREQUENCY,PURCHASES_INSTALLMENTS_FREQUENCY,CASH_ADVANCE_FREQUENCY,CASH_ADVANCE_TRX,PURCHASES_TRX,CREDIT_LIMIT,PAYMENTS,MINIMUM_PAYMENTS,PRC_FULL_PAYMENT,TENURE
count,5483.0,5483.0,5483.0,5483.0,5483.0,5483.0,5483.0,5483.0,5483.0,5483.0,5483.0,5483.0,5483.0,5483.0,5483.0,5483.0,5483.0
mean,746.5449526264819,0.8487359206638702,542.741035929236,267.48123837315336,275.55689950756886,400.1371193038483,0.46485183968630317,0.1382681347802298,0.35696468338500814,0.10001301860295457,2.025351085172351,10.014408170709466,2261.703548341237,872.344093614627,464.8707468916651,0.1521073638519059,11.397045413095022
std,767.0309492348224,0.2598514207919122,737.7152214925991,542.3877832003865,456.5418684919852,716.3700320245003,0.3934584026796285,0.237440154983144,0.39237464875475225,0.158225638351156,4.035221531142049,13.659203963942664,1170.518624721651,924.4973007370312,877.44697010748,0.2882219322655775,1.4906146941132987
min,0.0,0.0,0.0,0.0,0.0,0.0,0.0,0.0,0.0,0.0,0.0,0.0,0.0,0.0,0.0,0.0,6.0
25%,68.0235665,0.818182,33.39,0.0,0.0,0.0,0.083333,0.0,0.0,0.0,0.0,1.0,1200.0,283.1604465,140.172735,0.0,12.0
50%,488.62339199999997,1.0,269.28,0.0,78.09,0.0,0.416667,0.0,0.166667,0.0,0.0,6.0,2000.0,551.370293,210.928816,0.0,12.0
75%,1207.827424,1.0,720.585,281.29,374.375,494.788248,0.916667,0.166667,0.75,0.166667,2.0,12.0,3000.0,1134.115249,472.68614850000006,0.154762,12.0
max,3798.323722,1.0,5497.04,5497.04,4249.92,5676.779668,1.0,1.0,1.0,1.0,62.0,186.0,5500.0,9724.871142,11795.28096,1.0,12.0
