,BALANCE,BALANCE_FREQUENCY,ONEOFF_PURCHASES,INSTALLMENTS_PURCHASES,CASH_ADVANCE,ONEOFF_PURCHASES_FREQUENCY,PURCHASES_INSTALLMENTS_FREQUENCY,CASH_ADVANCE_FREQUENCY,CASH_ADVANCE_TRX,PURCHASES_TRX,CREDIT_LIMIT,PAYMENTS,MINIMUM_PAYMENTS,PRC_FULL_PAYMENT,TENURE,CLUSTER_NUM
count,1256.0,1256.0,1256.0,1256.0,1256.0,1256.0,1256.0,1256.0,1256.0,1256.0,1256.0,1256.0,1256.0,1256.0,1256.0,1256.0
mean,1.4085433513598096,0.3838524538723299,-0.165732180755824,-0.23064459721866132,1.6491370301267427,-0.20425907586458272,-0.4077936850137841,1.7280587485080987,1.59327796907011,-0.2681015995902561,0.7935923388237682,0.6019947212751966,0.4784393535077009,-0.4015676943872624,-0.089048384601733,2.0
std,1.3131734693265826,0.38882037511735384,0.3987904388658365,0.5009152364838043,1.7051703460105705,0.7845064970875363,0.818885864452254,1.128576275548698,1.7826627027919364,0.5570174950786729,1.0142833588570848,1.4507235594420431,1.6283382789909095,0.35592767214023885,1.0957606136249824,0.0
min,-0.7141735459557955,-2.935626828268512,-0.35695650522983663,-0.4545929346871266,-0.4668173169053085,-0.6787161910923751,-0.9170486291668528,-0.6754038016160128,-0.4761024446698088,-0.5918285957742453,-1.2213963392493257,-0.5987232806358613,-0.35704998957021983,-0.5255884449323432,-4.122526902321602,2.0
25%,0.37444445728431514,0.5180288083234439,-0.35695650522983663,-0.4545929346871266,0.6100043916066917,-0.6787161910923751,-0.9170486291668528,0.9902926926983584,0.5496046585888092,-0.5918285957742453,0.12179020572768647,-0.19194788962737305,-0.047677711000739066,-0.5255884449323432,0.3607023173741107,2.0
50%,1.244822723888401,0.5180288083234439,-0.35695650522983663,-0.4545929346871266,1.2362610461265606,-0.6787161910923751,-0.9170486291668528,1.7095719736077295,1.1357230033080197,-0.5515989423452268,0.6886080571885739,0.07304206625538667,0.19297206919814963,-0.5255884449323432,0.3607023173741107,2.0
75%,2.1446995219901273,0.5180288083234439,-0.1585094647469657,-0.25264828552902857,2.1636954852536547,-0.12004659474601245,0.0050529978018022045,2.6559941841072088,2.014900520386835,-0.14930240805504125,1.3756599983532858,0.8000668800655617,0.5042363011715882,-0.5255884449323432,0.3607023173741107,2.0
max,7.081652513832637,0.5180288083234439,3.666391979731761,4.034831511344014,22.01010312786165,2.6732946829640527,1.5990755122353495,6.820237918440378,17.54703665544591,3.592055360843684,4.151349840658723,12.889479882297314,25.76974086156518,2.8932771291907287,0.3607023173741107,2.0
