,BALANCE,BALANCE_FREQUENCY,PURCHASES,ONEOFF_PURCHASES,INSTALLMENTS_PURCHASES,CASH_ADVANCE,PURCHASES_FREQUENCY,ONEOFF_PURCHASES_FREQUENCY,PURCHASES_INSTALLMENTS_FREQUENCY,CASH_ADVANCE_FREQUENCY,CASH_ADVANCE_TRX,PURCHASES_TRX,CREDIT_LIMIT,PAYMENTS,MINIMUM_PAYMENTS,PRC_FULL_PAYMENT,TENURE
count,1734.0,1734.0,1734.0,1734.0,1734.0,1734.0,1734.0,1734.0,1734.0,1734.0,1734.0,1734.0,1734.0,1734.0,1734.0,1734.0,1734.0
mean,1999.9694554411765,0.9349836280276816,923.7021914648211,519.6189561707035,404.1431776239907,1381.1993612243368,0.44779454267589386,0.21460651960784313,0.31981498096885813,0.20803567704728954,5.000576701268743,14.548442906574394,3972.8621276199533,1978.6233145144176,944.1031710651673,0.09782565570934255,11.598039215686274
std,1327.1485813852062,0.16190872869021067,1120.0293847267053,807.2550008459369,681.3437765894449,1457.6005013885106,0.4127768472612458,0.2942047172766787,0.39522551371570686,0.2155473004805004,7.238776433929615,21.05858931543273,1181.6791805357186,1639.293469296686,1263.6907200040466,0.23463043098187297,1.1896925401402654
min,0.0,0.0,0.0,0.0,0.0,0.0,0.0,0.0,0.0,0.0,0.0,0.0,50.0,0.0,0.0,0.0,6.0
25%,918.6923895,1.0,0.0,0.0,0.0,0.0,0.0,0.0,0.0,0.0,0.0,0.0,3000.0,770.81621925,297.53154374999997,0.0,12.0
50%,1890.672016,1.0,450.225,78.705,0.0,958.1658665,0.3875,0.083333,0.0,0.166667,3.0,6.0,4000.0,1410.8513025000002,612.113591,0.0,12.0
75%,2810.0332182500006,1.0,1533.22,775.9050000000001,566.3924999999999,2425.017807,0.916667,0.333333,0.666667,0.333333,7.0,22.0,5000.0,2821.16039225,1093.0840305000002,0.083333,12.0
max,5965.535557,1.0,5065.83,4768.27,4313.22,6718.127621,1.0,1.0,1.0,1.5,123.0,195.0,6500.0,12902.18813,12256.998520000001,1.0,12.0
