,BALANCE,BALANCE_FREQUENCY,ONEOFF_PURCHASES,INSTALLMENTS_PURCHASES,CASH_ADVANCE,ONEOFF_PURCHASES_FREQUENCY,PURCHASES_INSTALLMENTS_FREQUENCY,CASH_ADVANCE_FREQUENCY,CASH_ADVANCE_TRX,PURCHASES_TRX,CREDIT_LIMIT,PAYMENTS,MINIMUM_PAYMENTS,PRC_FULL_PAYMENT,TENURE
count,4124.0,4124.0,4124.0,4124.0,4124.0,4124.0,4124.0,4124.0,4124.0,4124.0,4124.0,4124.0,4124.0,4124.0,4124.0
mean,557.9558325327353,0.8305819233753637,205.52502909796314,246.59858147429682,248.02461864427744,0.12003672938894279,0.3656604177982542,0.0817133581474297,1.5082444228903977,8.91003879728419,1898.4423159822989,642.8192254306498,317.6559279762367,0.15980426163918524,11.31207565470417
std,581.7065624628643,0.2732911143586924,423.4948314671421,380.3180673956126,468.90836160957014,0.21670632768520773,0.391383363152633,0.14093795416970747,3.1378978678815876,11.257289382787823,923.8613239673072,589.2708293641394,413.2416733199669,0.295215414445144,1.5898476285564647
min,0.0,0.0,0.0,0.0,0.0,0.0,0.0,0.0,0.0,0.0,0.0,0.0,0.0,0.0,6.0
25%,45.65892125,0.727273,0.0,0.0,0.0,0.0,0.0,0.0,0.0,1.0,1200.0,243.606463,128.39374800000002,0.0,12.0
50%,310.1547405,1.0,0.0,88.00999999999999,0.0,0.0,0.25,0.0,0.0,6.0,1500.0,453.8049655,185.71569499999998,0.0,12.0
75%,1022.6949352500001,1.0,208.0,356.63500000000005,271.80874725,0.166667,0.75,0.111111,2.0,12.0,2500.0,847.406925,363.10292649999997,0.166667,12.0
max,3215.903805,1.0,4768.27,3200.0,2861.967408,1.0,1.0,1.0,48.0,186.0,4500.0,4121.57553,5303.958597,1.0,12.0
