,BALANCE,BALANCE_FREQUENCY,ONEOFF_PURCHASES,INSTALLMENTS_PURCHASES,CASH_ADVANCE,ONEOFF_PURCHASES_FREQUENCY,PURCHASES_INSTALLMENTS_FREQUENCY,CASH_ADVANCE_FREQUENCY,CASH_ADVANCE_TRX,PURCHASES_TRX,CREDIT_LIMIT,PAYMENTS,MINIMUM_PAYMENTS,PRC_FULL_PAYMENT,TENURE,CLUSTER_NUM
count,1055.0,1055.0,1055.0,1055.0,1055.0,1055.0,1055.0,1055.0,1055.0,1055.0,1055.0,1055.0,1055.0,1055.0,1055.0,1055.0
mean,0.3378224395901843,0.43973207107378026,1.4087219942573215,1.3656035678954066,-0.2846089137234452,1.6573955112368324,0.9788491536702353,-0.40713030838478353,-0.3008225036661018,1.8410167964261182,1.012466758933798,0.9058936299391788,0.16159261545665973,0.5939518662955668,0.3026257303259199,0.0
std,1.2937184921966625,0.30399654858048997,2.293596731293146,2.1770882335827704,0.529037430788075,1.0185072248877907,0.8092271604190218,0.6027594891156974,0.5099234239950212,1.8051313533073112,1.2187773408420737,1.6735469966950263,1.559112047774879,1.357013796750551,0.3943819611764268,0.0
min,-0.7457336403866008,-2.935626828268512,-0.35695650522983663,-0.4545929346871266,-0.4668173169053085,-0.6787161910923751,-0.9170486291668528,-0.6754038016160128,-0.4761024446698088,-0.4711396354871896,-1.0977269898396775,-0.5987232806358613,-0.35704998957021983,-0.5255884449323432,-4.122526902321602,0.0
25%,-0.5826924089210833,0.5180288083234439,0.2609028631867967,0.11913443981903413,-0.4668173169053085,0.9972892459358388,0.5506896146097182,-0.6754038016160128,-0.4761024446698088,0.6955203139543482,0.13896650425680426,0.04182841765231105,-0.2763473861076945,-0.5255884449323432,0.3607023173741107,0.0
50%,-0.19348992768101544,0.5180288083234439,0.8284452230616851,0.8283762113372409,-0.4668173169053085,1.8352919644499457,1.38939933915988,-0.6754038016160128,-0.4761024446698088,1.339194768818645,0.8260184454215164,0.4242861299055832,-0.20841384345466551,-0.2406841200439453,0.3607023173741107,0.0
75%,0.8233774545935313,0.5180288083234439,1.6949436311725652,1.7877916032553278,-0.44353418463222133,2.6732946829640527,1.5990755122353495,-0.25898092731103994,-0.3295728584900063,2.385165757973127,1.6504807748191708,1.1013795173696423,0.09891876341313352,2.038560735659961,0.3607023173741107,0.0
max,8.397189073741009,0.5180288083234439,24.19984622971024,24.42565131477054,6.749460121527863,2.6732946829640527,1.5990755122353495,4.3216906784215805,6.557317691960715,13.810387331814393,7.009485915903925,16.92153900746765,32.35138949467261,2.8932771291907287,0.3607023173741107,0.0
