,BALANCE,BALANCE_FREQUENCY,PURCHASES,ONEOFF_PURCHASES,INSTALLMENTS_PURCHASES,CASH_ADVANCE,PURCHASES_FREQUENCY,ONEOFF_PURCHASES_FREQUENCY,PURCHASES_INSTALLMENTS_FREQUENCY,CASH_ADVANCE_FREQUENCY,CASH_ADVANCE_TRX,PURCHASES_TRX,CREDIT_LIMIT,PAYMENTS,MINIMUM_PAYMENTS,PRC_FULL_PAYMENT,TENURE
count,54.0,54.0,54.0,54.0,54.0,54.0,54.0,54.0,54.0,54.0,54.0,54.0,54.0,54.0,54.0,54.0,54.0
mean,4121.038841518519,0.9882154999999999,1057.478148148148,122.03351851851852,935.4446296296295,937.0748943333332,0.4718013148148148,0.039141370370370375,0.4420595,0.10493822222222221,3.074074074074074,19.0,4319.444444444444,1574.0273858703704,23158.21947944444,0.0,11.907407407407407
std,2438.948768663464,0.04687749478976187,2097.278887038005,390.7854118004736,1993.9616861411646,1798.3439778827626,0.4415780158945323,0.07814626198723276,0.45731755703308347,0.1252058282802598,4.394902071812817,32.09596459675618,2731.928903648701,2240.7353326475045,13436.071865406002,0.0,0.2925824198357195
min,1381.0800279999999,0.727273,0.0,0.0,0.0,0.0,0.0,0.0,0.0,0.0,0.0,0.0,1000.0,46.969049,12449.67391,0.0,11.0
25%,2185.4403597500004,1.0,0.0,0.0,0.0,0.0,0.0,0.0,0.0,0.0,0.0,0.0,2100.0,198.73499750000002,13695.302775,0.0,12.0
50%,3401.198831,1.0,327.615,0.0,143.025,67.988935,0.333333,0.0,0.2083335,0.083333,1.0,6.5,3250.0,507.207398,18393.28015,0.0,12.0
75%,5303.62411875,1.0,868.3775,15.0,764.9575,1114.20559825,1.0,0.06249975000000001,1.0,0.166667,4.0,19.75,6000.0,1974.8214980000002,26749.8639175,0.0,12.0
max,11209.37076,1.0,11147.33,2463.0,10009.93,10616.27014,1.0,0.333333,1.0,0.5,17.0,162.0,11000.0,8735.607834999999,76406.20752000001,0.0,12.0
