,cluster_num,instance_count,rule_list
3,0,729,"[0.9150326797385621] (TENURE <= -1.5073098540306091)

"
0,1,5774,"[0.9590710070435942] (TENURE > -1.5073098540306091) and (CASH_ADVANCE <= 0.4894553869962692) and (PURCHASES_TRX <= 0.4742572158575058) and (CASH_ADVANCE_FREQUENCY <= 1.0660061836242676) and (BALANCE <= 1.596090853214264)

[0.6697247706422018] (TENURE > -1.5073098540306091) and (CASH_ADVANCE <= 0.4894553869962692) and (PURCHASES_TRX > 0.4742572158575058) and (ONEOFF_PURCHASES <= -0.049538981169462204)

[0.4913294797687861] (TENURE > -1.5073098540306091) and (CASH_ADVANCE > 0.4894553869962692) and (CASH_ADVANCE_TRX <= 0.3298102766275406)

"
1,2,1313,"[0.5952380952380952] (TENURE > -1.5073098540306091) and (CASH_ADVANCE <= 0.4894553869962692) and (PURCHASES_TRX <= 0.4742572158575058) and (CASH_ADVANCE_FREQUENCY <= 1.0660061836242676) and (BALANCE > 1.596090853214264)

[0.5789473684210527] (TENURE > -1.5073098540306091) and (CASH_ADVANCE <= 0.4894553869962692) and (PURCHASES_TRX <= 0.4742572158575058) and (CASH_ADVANCE_FREQUENCY > 1.0660061836242676)

[0.8653637350705755] (TENURE > -1.5073098540306091) and (CASH_ADVANCE > 0.4894553869962692) and (CASH_ADVANCE_TRX > 0.3298102766275406)

"
2,3,1133,"[0.8544652701212789] (TENURE > -1.5073098540306091) and (CASH_ADVANCE <= 0.4894553869962692) and (PURCHASES_TRX > 0.4742572158575058) and (ONEOFF_PURCHASES > -0.049538981169462204)

"
