,class_name,instance_count,rule_list
3,0,1055,"[0.9170437405731523] (BALANCE_FREQUENCY > -0.6605982482433319) and (CASH_ADVANCE <= 0.4880804717540741) and (PURCHASES_TRX > 0.5949461758136749) and (PAYMENTS > 0.014036102220416069)

"
2,1,1354,"[0.6896551724137931] (BALANCE_FREQUENCY > -0.6605982482433319) and (CASH_ADVANCE <= 0.4880804717540741) and (PURCHASES_TRX <= 0.5949461758136749) and (CASH_ADVANCE_FREQUENCY > 1.5707626938819885)

[0.8812877263581489] (BALANCE_FREQUENCY > -0.6605982482433319) and (CASH_ADVANCE > 0.4880804717540741) and (CASH_ADVANCE_TRX > 0.3298102766275406)

"
0,2,5033,"[0.9145035022661723] (BALANCE_FREQUENCY > -0.6605982482433319) and (CASH_ADVANCE <= 0.4880804717540741) and (PURCHASES_TRX <= 0.5949461758136749) and (CASH_ADVANCE_FREQUENCY <= 1.5707626938819885)

[0.5735294117647058] (BALANCE_FREQUENCY > -0.6605982482433319) and (CASH_ADVANCE <= 0.4880804717540741) and (PURCHASES_TRX > 0.5949461758136749) and (PAYMENTS <= 0.014036102220416069)

[0.47904191616766467] (BALANCE_FREQUENCY > -0.6605982482433319) and (CASH_ADVANCE > 0.4880804717540741) and (CASH_ADVANCE_TRX <= 0.3298102766275406)

"
1,3,1507,"[0.9511051574012056] (BALANCE_FREQUENCY <= -0.6605982482433319)

"
